line,name,description
DCM6,001010,ローター着磁・ステータ電気チェック・組み合わせ機
DCM6,002010,プレートレーザー溶接機
DCM6,003010,上ベアリング圧入機
DCM6,004010,マグネットASSY着磁機
DCM6,005010,マグネット圧入・超音波溶着機
DCM6,006010,ボス超音波溶着
DCM6,007010,ホットワイヤ溶着機#1
DCM6,007020,ホットワイヤ溶着機#2
DCM6,008010,シャフト挿入機
DCM6,009010,気密試験機
DCM6,010010,グリス塗布・特性試験機
DCM6,010020,特性試験機#2
DCM6,012010,ロボット制御
HDA-X2,JISOU,HDA-X2ライン実装
HDA-X2,KON,HDA-X2梱包
HDA-X2,PTS001,ASSY-ROM(SD)
HDA-X2,PTS002,CHASSIS-MAIN
HDA-X2,PTS003,MOTOR-FAN
HDA-X2,PTS004,PCB-MAIN
HDA-X2,PTS005,ASSY-CHASSIS-AUDIO
HDA-X2,PTS006,PCB-AUDIO
HDA-X2,PTS007,CHASSIS-SUB
HDA-X2,PTS008,CHASSIS-REAR
HDA-X2,PTS009,ASSY-COVER-TOP
HDA-X2,PTS010,HEAT-SINK-AUDIO
HDA-X2,PTS011,PCB-SUB
HDA-X2,PTS012,ASSY-PANEL
HDA-X2,PTS013,ASSY-CHASSIS-F
HDA-X2,PTS014,ANTENNA
HDA-X2,PTS015,BRACKET-L
HDA-X2,PTS016,BRACKET-R
HDA-X2,PTS017,HEAT-SINK-MAIN
HDA-X2,PTS018,LINKTEST
HDA-X2,SYU,HDA-X2出荷
KAHA01,001010,バルブシート圧入
KAHA01,002010,バルブシート圧入
KAHA01,003010,シール圧入
KAHA01,004010,ストッパ組付け
KAHA01,005010,正圧漏れ試験
KAHA01,006010,バイパスバルブ圧入
KAHA01,007010,ピン圧入1
KAHA01,008010,ピン圧入2
KAHA01,009010,スペーサ選択
KAHA01,010010,モーター組付け
KAHA01,011010,特性試験
KAHA01,012010,流量試験
KAHA01,013010,Duty試験
KAHA01,014010,レーザーマーキング
KAHA01,015010,目視箱入れ
KAHA02,001010,バルブシート１圧入コーキング
KAHA02,002010,バルブシート２圧入コーキング
KAHA02,003010,下バルブ圧入コーキング
KAHA02,004010,上バルブ圧入コーキング
KAHA02,005010,軸シール圧入コーキング
KAHA02,006010,ピン圧入溶接
KAHA02,007010,バイパスバルブ圧入
KAHA02,008010,ストッパ組付
KAHA02,009010,正圧漏れ試験
KAHA02,010010,スペーサ選択モータネジ締め
KAHA02,011010,３Ｇセンサー書き込み
KAHA02,012010,特性試験#１
KAHA02,013010,特性試験#２
KAHA02,014010,ＤＵＴＹ試験
KAHA02,015010,レーザーマーキング
KAHA03,001010,タップチェック
KAHA03,002010,プレス機#１バルブシート圧入コーキング
KAHA03,003010,プレス機#2ブッシュ圧入コーキング機
KAHA03,004010,プレス機#３軸シールプラグ圧入
KAHA03,005010,プレス機#４ストッパ組付
KAHA03,006010,ハイスピンカシメ
KAHA03,007010,正圧漏れ試験
KAHA03,008010,スペーサ選択
KAHA03,009010,センサ書き込み
KAHA03,010010,立上試験
KAHA03,011010,流量試験
KAHA03,012010,ＤＵＴＹ試験_１
KAHA03,012020,ＤＵＴＹ試験_２
KAHA03,012030,ＤＵＴＹ試験_３
KAHA03,012040,ＤＵＴＹ試験_４
KAHA03,012050,ＤＵＴＹ試験_５
KAHA03,012060,ＤＵＴＹ試験_６
KAHA03,013010,レーザ印字
KAHA04,001010,プラグ(バリシール) 圧入
KAHA04,002010,バルブシート圧入コーキング
KAHA04,003010,軸シールプラグ圧入コーキング
KAHA04,004010,プレートコーキング
KAHA04,005010,バルブシート2 圧入コーキング
KAHA04,006010,上下ハウジング圧入ネジ締め
KAHA04,007010,ストッパ組付
KAHA04,008010,バルブ再押し
KAHA04,009010,底プラグ圧入コーキング
KAHA04,010010,正圧漏れ試験
KAHA04,011010,スペーサ選択センサ書込み/モータネジ締め
KAHA04,012010,立上り試験
KAHA04,013010,流量試験
KAHA04,014010,DUTY試験
KAHA04,015010,レーザーマーキング
KAHA05,001010,バルブシート圧入コーキング
KAHA05,002010,シールASSY圧入コーキング サポートASSY圧入コーキング
KAHA05,003010,プレートコーキング
KAHA05,004010,バルブシート2 圧入コーキング
KAHA05,005010,ストッパ組付
KAHA05,006010,バルブ再押し
KAHA05,007010,底プラグ圧入コーキング
KAHA05,008010,底プラグネジ締め カバー取り付け
KAHA05,009010,正圧漏れ試験
KAHA05,010010,スペーサ選択 センサ書込み
KAHA05,011010,モータネジ締め
KAHA05,012010,立上り試験
KAHA05,013010,流量試験
KAHA05,014010,ＤＵＴＹ試験
KAHA05,014020,ＤＵＴＹ試験
KAHA05,014030,ＤＵＴＹ試験
KAHA05,015010,レーザー印字
KAHA05,016010,外観検査・出荷梱包
KJBC41,001010,バリチェック#1_1
KJBC41,001020,バリチェック#2_1
KJBC41,001030,バリチェック#3_1
KJBC41,001040,バリチェック#4_1
KJBC41,002010,バリチェック#１_２
KJBC41,002020,バリチェック#２_２
KJBC41,002030,バリチェック#３_２
KJBC41,002040,バリチェック#4_2
KJBC42,001010,バリチェック#1_1
KJBC42,001020,バリチェック#2_1
KJBC42,001030,バリチェック#3_1
KJBC42,001040,バリチェック#4_1
KJBC42,002010,バリチェック#１_２
KJBC42,002020,バリチェック#２_２
KJBC42,002030,バリチェック#３_２
KJBC42,002040,バリチェック#4_2
KJCW42,001010,コンミ圧入#1_L
KJCW42,001020,コンミ圧入#1_R
KJCW42,001030,コンミ圧入#2_L
KJCW42,001040,コンミ圧入#2_R
KJCW42,002010,巻線#1_L
KJCW42,002020,巻線#1_R
KJCW42,002030,巻線#2_L
KJCW42,002040,巻線#2_R
KJCW42,002050,巻線#3_L
KJCW42,002060,巻線#3_R
KJCW42,002070,巻線#4_L
KJCW42,002080,巻線#4_R
KJCW42,002090,巻線#5_L
KJCW42,002100,巻線#5_R
KJCW42,002110,巻線#6_L
KJCW42,002120,巻線#6_R
KJCW42,003010,線クロス#1_1
KJCW42,003020,線クロス#1_2
KJCW42,003030,線クロス#1_3
KJCW42,003040,線クロス#1_4
KJCW42,004010,投入機#1
KJCW42,005010,ヒュージング#１
KJCW42,005020,ヒュージング#２
KJCW42,005030,ヒュージング#３
KJCW42,005040,ヒュージング#４
KJCW42,005050,ヒュージング#５
KJCW42,005060,ヒュージング#６
KJCW42,005070,ヒュージング#７
KJCW42,006010,サージ試験#1
KJCW42,007010,絶縁試験#1
KJCW42,008010,抵抗試験#1
KJCW42,009010,外観目視#1
KJCW43,001010,コンミ圧入#３_Ｌ
KJCW43,001020,コンミ圧入#３_Ｒ
KJCW43,001030,コンミ圧入#４_Ｌ
KJCW43,001040,コンミ圧入#４_Ｒ
KJCW43,001050,コンミ圧入#５_Ｌ
KJCW43,001060,コンミ圧入#５_Ｒ
KJCW43,002010,巻線#７_Ｌ
KJCW43,002020,巻線#７_Ｒ
KJCW43,002030,巻線#８_Ｌ
KJCW43,002040,巻線#８_Ｒ
KJCW43,002050,巻線#９_Ｌ
KJCW43,002060,巻線#９_Ｒ
KJCW43,002070,巻線#１０_Ｌ
KJCW43,002080,巻線#１０_Ｒ
KJCW43,002090,巻線#１１_Ｌ
KJCW43,002100,巻線#１１_Ｒ
KJCW43,002110,巻線#１２_Ｌ
KJCW43,002120,巻線#１２_Ｒ
KJCW43,002130,巻線#１３_Ｌ
KJCW43,002140,巻線#１３_Ｒ
KJCW43,002150,巻線#１４_Ｌ
KJCW43,002160,巻線#１４_Ｒ
KJCW43,002170,巻線#１５_Ｌ
KJCW43,002180,巻線#１５_Ｒ
KJCW43,003010,線クロス#２_１
KJCW43,003020,線クロス#２_２
KJCW43,003030,線クロス#２_３
KJCW43,003040,線クロス#２_４
KJCW43,004010,投入機#２
KJCW43,004020,投入機#３
KJCW43,005010,ヒュージング#８
KJCW43,005020,ヒュージング#９
KJCW43,005030,ヒュージング#１０
KJCW43,005040,ヒュージング#１１
KJCW43,005050,ヒュージング#１２
KJCW43,005060,ヒュージング#１３
KJCW43,005070,ヒュージング#１４
KJCW43,005080,ヒュージング#１５
KJCW43,005090,ヒュージング#１６
KJCW43,005100,ヒュージング#１７
KJCW43,006010,サージ試験#２
KJCW43,006020,サージ試験#３
KJCW43,007010,絶縁試験#２
KJCW43,007020,絶縁試験#３
KJCW43,008010,抵抗試験#２
KJCW43,008020,抵抗試験#３
KJCW43,009010,外観目視#２
KJCW43,009020,外観目視#３
KJJA01,001010,ジョイント組付
KJMA41,001010,ステータ印字
KJMA41,002010,ステータ着磁
KJMA41,003010,ロータ電気チェック
KJMA41,004010,ロータ圧入
KJMA41,005010,プレートレーザー溶接
KJMA41,006010,ブラシ組付け
KJMA41,007010,ホットワイヤ溶着
KJMA41,008010,グリス塗布
KJMA41,009010,ボス超音波溶着(トランスアクスル)
KJMA41,010010,ボス超音波溶着(3.6G)
KJMA41,011010,ボスプレート超音波溶着
KJMA41,012010,ALボスネジ締め
KJMA41,013010,気密試験
KJMA41,014010,センサ書込み
KJMA41,015010,特性試験
KJMA42,001010,ステータ着磁#1
KJMA42,001020,ステータ着磁#2
KJMA42,002010,ロータ電気チェック1
KJMA42,003010,ロータ電気チェック2
KJMA42,004010,ロータ電気チェック3(未使用)
KJMA42,005010,ロータ圧入
KJMA42,006010,プレートレーザ溶接
KJMA42,007010,ブラシ組付け
KJMA42,008010,ケース・リング組付け
KJMA42,009010,HW溶着#1
KJMA42,009020,HW溶着#2
KJMA42,009030,HW溶着#3
KJMA42,010010,手動バリ取り作業
KJMA42,011010,後半ライン投入
KJMA42,012010,ボス・シャフト組付け
KJMA42,013010,ボス・ステータ超音波溶着
KJMA42,013510,ボス・プレート超音波溶着
KJMA42,014010,ALボス組付け
KJMA42,015010,ALボスねじ締め
KJMA42,016010,気密試験#1
KJMA42,016020,気密試験#2
KJMA42,016030,気密試験#3
KJMA42,017010,リニアリティ#1
KJMA42,017020,リニアリティ#2
KJMA42,017030,リニアリティ#3
KJMA42,018010,特性試験1#1
KJMA42,018020,特性試験1#2
KJMA42,018030,特性試験1#3
KJMA42,019010,特性試験2#1
KJMA42,019020,特性試験2#2
KJMA42,019030,特性試験2#3
KJMA42,020010,ワーク反転
KJMA42,021010,レーザー印字
KJMA42,022010,印字チェック
KJMA43,001010,ステータ・ロータ供給・印字#1
KJMA43,001020,ステータ・ロータ供給・印字#2
KJMA43,002010,着磁#1
KJMA43,002020,着磁#2
KJMA43,003010,ロータ電気チェック1#1
KJMA43,003020,ロータ電気チェック1#2
KJMA43,004010,ロータ電気チェック2#1
KJMA43,004020,ロータ電気チェック2#2
KJMA43,005010,NG排出#1
KJMA43,005020,NG排出#2
KJMA43,006010,ロータ圧入#1
KJMA43,006020,ロータ圧入#2
KJMA43,007010,プレートレーザ溶接#1
KJMA43,007020,プレートレーザ溶接#2
KJMA43,008010,ブラシ組付け#1
KJMA43,008020,ブラシ組付け#2
KJMA43,009010,ブラシチェック#1
KJMA43,009020,ブラシチェック#2
KJMA43,010010,センサAssy組付けA#1
KJMA43,010020,センサAssy組付けA#2
KJMA43,011010,センサAssy組付けB#1
KJMA43,011020,センサAssy組付けB#2
KJMA43,012010,回転電流チェック#1
KJMA43,012020,回転電流チェック#2
KJMA43,013010,HW溶着#1
KJMA43,013020,HW溶着#2
KJMA43,014010,バリ取リ自動化・排出#1
KJMA43,014020,バリ取リ自動化・排出#2
KJMA43,015010,モートルAssy・ALボス供給
KJMA43,016010,グリス塗布・シャフト引込
KJMA43,017010,ボス超音波溶着
KJMA43,018010,ボスプレート超音波溶着
KJMA43,019010,ALボス組付け
KJMA43,020010,ALボスネジ締め
KJMA43,021010,ネジ高さ測定
KJMA43,022010,払出
KJMA43,023010,気密試験
KJMA43,024010,センサ書込み
KJMA43,025010,特性試験
KJMA43,026010,レーザマーキング
KJMA43,027010,カメラチェック
KJMA43,028010,Cst1～5搬送
KJMA43,033010,気密試験#1
KJMA43,033020,気密試験#2
KJMA43,033030,気密試験#3
KJMA43,033040,気密試験#4
KJMA43,033050,気密試験#5
KJMA43,033060,気密試験#6
KJMA43,034010,センサ書込み#1
KJMA43,034020,センサ書込み#2
KJMA43,034030,センサ書込み#3
KJMA43,034040,センサ書込み#4
KJMA43,034050,センサ書込み#5
KJMA43,035010,特性試験#1
KJMA43,035020,特性試験#2
KJMA43,035030,特性試験#3
KJMA43,035040,特性試験#4
KJMA43,035050,特性試験#5
KJMA43,036010,レーザマーキング#1
KJMA43,036020,レーザマーキング#2
KJMA43,037010,カメラチェック#1
KJPC42,001010,粉体塗装
KJSA43,001010,ワーク供給
KJSA43,002010,レーザマーキング
KJSA43,003010,ICフォーミング
KJSA43,004010,ICレーザー溶接
KJSA43,005010,ボンド塗布1
KJSA43,006010,ボンド塗布2
KJSA43,007010,ボンド画像検査
KJSA43,008010,連続炉供給
KJSA43,008510,連続炉
KJSA43,009010,連続炉排出
KJSA43,010010,スプリング挿入
KJSA43,011010,着磁・センサシャフト挿入
KJSA43,012010,プレート圧入
KJSA43,013010,気密試験
KJSA43,014010,スプリング反力試験
KJSA43,015010,全ストローク・LCR試験
KJSA43,016010,ID書込み・ボンド硬化チェック
KJSA43,017010,NG排出
KJSA43,018010,ワーク取出し
KKTA01,000110,シャフトグリス塗布
KKTA01,000210,3連プレス
KKTA01,000310,ギアグリス塗布
KKTA01,000410,ワッシャ圧入
KKTA01,000510,ナット取り付け
KKTA01,000610,ナット締め付け/ハウジングねじ締め
KKTA01,000710,ハウジング気密試験
KKTA01,000810,モータねじ締め/モータ気密試験
KKTA01,001010,特性試験#1
KKTA01,002010,特性試験#2
KKTA01,002510,ケガキ作業
KKTA01,003010,特性試験/レーザー印字
KKTA02,001010,3連プレス
KKTA02,002010,プレス
KKTA02,003010,ギアグリス塗布
KKTA02,004010,ナット締付け
KKTA02,005010,カバーねじ締め
KKTA02,006010,モータねじ締め/モータ気密試験
KKTA02,007010,パッキンチェック
KKTA02,008010,特性試験
KKTA02,009010,レーザマーカ
KKVA03,001010,ジョイント角度/ピン位置度カメラチェック
KKVA03,002010,ジョイントAssy組付け
KKVA03,003010,特性試験/レーザマーキング
KKVA04,001010,ジョイント角度/ピン位置度カメラチェック
KKVA04,002010,ジョイントAssy組付け
KKVA04,003010,特性試験/レーザマーキング
N0ABC010,001010,画像確認_IP1
N0ABC010,002010,画像確認_IP2
N0ABC010,003010,画像確認_IP3
N0ABC010,004010,画像確認_IP4
N0ABC010,010010,機能検査_IP1
N0ABC010,011010,機能検査_IP2
N0ABC010,012010,機能検査_IP3
N0ABC010,020010,CAMERA性能検査_IP1
N0ABC010,021010,CAMERA性能検査_IP2
N0ABC010,022010,LED性能検査_IP1
N0ABC010,023010,LED性能検査_IP2
N0ABC010,024010,CAMERA性能検査_IP3
N0ABC010,030010,外観検査_IP1
N0ABC010,031010,外観検査_IP2
N0ABC010,032010,外観検査_IP3
N0ABC010,033010,外観検査_IP4
N0ABC010,034010,外観検査_IP5
N0ABP010,001010,AACT_01
N0ABP010,002010,AACT_02
N0ABP010,003010,AACT_03
N0ABP010,004010,AACT_04
N0ABP010,005010,AACT_05
N0ABP010,006010,AACT_06
N0ABP010,007010,AACT_07
N0BDC010,001010,エージング_172.16.1.171
N0BDC010,010010,常温検査_20-1_172.16.4.130
N0BDC010,011010,常温検査_20-1_172.16.4.24
N0BDC010,020010,高温検査_60-1_172.16.4.227
N0BDC010,021010,高温検査_60-1_172.16.5.210
N0BDC010,021020,高温検査_L60-1_172.16.5.210
N0BDC010,021030,高温検査_L60-2_172.16.5.210
N0BDC010,030010,出荷検査_FIN-1_172.16.4.225
N0BDC010,031010,出荷検査_FINAL0_172.16.5.211
N0BDC010,031020,出荷検査_FINAL1_172.16.5.211
N0BDC010,031030,出荷検査_FINAL2_172.16.5.211
N0BDC010,040010,LABEL_
N0BDP010,001010,AACT_01
N0BDP010,002010,AACT_02
N0BDP010,003010,AACT_03
N0CCC010,001010,AGE1_
N0CCC010,002010,AGE2_
N0CCC010,003010,AGE3_
N0CCC010,004010,AGE4_
N0CCC010,005010,AGE5_
N0CCC010,006010,AGE6_
N0CCC010,007010,AGE7_
N0CCC010,010010,出荷検査_OUT1_172.16.4.58
N0CCC010,011010,出荷検査_OUT2_172.16.1.4
N0CCC010,012010,出荷検査_OUT3_172.16.4.12
N0CCC010,013010,出荷検査_OUT4_172.16.4.10
N0CCC010,014010,出荷検査_OUT5_172.16.4.9
N0CCC010,015010,出荷検査_OUT6_172.16.4.8
N0CCC010,016010,出荷検査_OUT7_172.16.4.86
N0CCC010,020010,RF/WiFi_WiFi1_172.16.1.157
N0CCC010,021010,RF/WiFi_WiFi2_172.16.4.197
N0CCC010,022010,RF/WiFi_WiFi3_172.16.4.224
N0CCP010,001010,AACT_01
N0CCP010,002010,AACT_02
N0CEC010,001010,タッチ検査_TOUCH_01_172.16.5.8
N0CEC010,002010,タッチ検査_TOUCH_02_172.16.5.7
N0CEC010,003010,タッチ検査_TOUCH_03_172.16.5.13
N0CEC010,010010,プリヒート_PREHEAT_01_172.16.4.243
N0CEC010,011010,プリヒート_PREHEAT_02_172.16.4.244
N0CEC010,012010,プリヒート_PREHEAT_03_172.16.4.245
N0CEC010,013010,プリヒート_PREHEAT_04_172.16.4.247
N0CEC010,014010,プリヒート_PREHEAT_05_172.16.4.246
N0CEC010,015010,プリヒート_PREHEAT_06_172.16.4.57
N0CEC010,020010,光学検査_OPTICALINSP_01_172.16.4.63
N0CEC010,021010,光学検査_OPTICALINSP_02_172.16.4.64
N0CEC010,022010,光学検査_OPTICALINSP_03_172.16.4.60
N0CEC010,023010,光学検査_OPTICALINSP_04_172.16.4.61
N0CEC010,024010,光学検査_OPTICALINSP_05_172.16.4.68
N0CEC010,025010,光学検査_OPTICALINSP_06_172.16.4.41
N0CEC010,026010,光学検査_OPTICALINSP_07_172.16.4.66
N0CEC010,027010,光学検査_OPTICALINSP_08_172.16.4.67
N0CEC010,028010,光学検査_OPTICALINSP_09_172.16.4.42
N0CEC010,029010,光学検査_OPTICALINSP_10_172.16.4.43
N0CEC010,030010,光学検査_OPTICALINSP_11_172.16.4.39
N0CEC010,031010,光学検査_OPTICALINSP_12_172.16.4.40
N0CEC010,040010,エージング_AGING_01_172.16.5.17
N0CEC010,041010,エージング_AGING_02_172.16.5.200
N0CEC010,042010,エージング_AGING_03_172.16.4.77
N0CEC010,043010,エージング_AGING_04_172.16.4.69
N0CEC010,044010,エージング_AGING_05_172.16.5.15
N0CEC010,045010,エージング_AGING_06_172.16.5.16
N0CEC010,046010,エージング_AGING_07_172.16.4.46
N0CEC010,047010,エージング_AGING_08_172.16.5.10
N0CEC010,050010,色ムラ検査_MURA_01_172.16.4.103
N0CEC010,051010,色ムラ検査_MURA_02_172.16.4.128
N0CEC010,052010,色ムラ検査_MURA_03_172.16.4.107
N0CEC010,053010,色ムラ検査_MURA_04_172.16.4.104
N0CEC010,060010,出荷検査_OUTGOING_01_172.16.1.66
N0CEC010,061010,出荷検査_OUTGOING_02_172.16.1.67
N0CEC010,062010,出荷検査_OUTGOING_03_172.16.4.48
N0CEC010,063010,出荷検査_OUTGOING_04_172.16.4.56
N0CEC010,070010,ラベル_LABEL_MBCmopf_172.16.4.110
N0CEC010,080010,外観検査・PIN確認__172.16.5.3
N0CEC010,100010,1
N0CEC010,100020,2
N0CEC010,100030,3
N0CEC010,100040,4
N0CEC010,100050,5
N0CEC010,100060,6
N0CEC010,100070,7
N0CEC010,100080,8
N0CEC010,100090,9
N0CEC010,100100,10
N0CEC010,100110,11
N0CEC010,100120,12
N0CEC010,100130,13
N0CEC010,100140,14
N0CEC010,100150,15
N0CEP010,001010,AACT_01
NAABA010,001010,PARTS001
NAABA010,002010,PARTS002
NAABA010,003010,PARTS003
NAABA010,004010,PARTS004
NAABA010,005010,PARTS005
NAABA010,006010,PARTS006
NAABA010,007010,PARTS007
NAABA010,008010,PARTS008
NAABA010,009010,PARTS009
NAABA010,010010,PARTS010
NAABA010,011010,PARTS011
NAABA010,012010,PARTS012
NAABA010,013010,PARTS013
NAABA010,014010,PARTS014
NAABA010,015010,PARTS015
NAABA010,016010,PARTS016
NAABA010,017010,PARTS017
NAABA010,018010,PARTS018
NAABA010,050010,Mon_ECU1
NAACA010,001010,PARTS001
NAACA010,002010,PARTS002
NAACA010,003010,PARTS003
NAACA010,004010,PARTS004
NAACA010,005010,PARTS005
NAACA010,006010,PARTS006
NAACA010,007010,PARTS007
NAACA010,008010,PARTS008
NAACA010,009010,PARTS009
NAACA010,010010,PARTS010
NAACA010,011010,PARTS011
NAACA010,012010,PARTS012
NAACA010,013010,PARTS013
NAACA010,014010,PARTS014
NAACA010,015010,PARTS015
NAACA010,016010,PARTS016
NAACA010,017010,PARTS017
NAACA010,018010,PARTS018
NAACA010,019010,PARTS019
NAACA010,020010,PARTS020
NAACA010,021010,PARTS021
NAACA010,050010,Gazou_Camera
NAACA010,051010,Mon_LED1
NAACA010,052010,Mon_LED2
NAACA020,001010,PARTS001
NAACA020,002010,PARTS002
NAACA020,003010,PARTS003
NAACA020,004010,PARTS004
NAACA020,005010,PARTS005
NAACA020,006010,PARTS006
NAACA020,007010,PARTS007
NAACA020,008010,PARTS008
NAACA020,009010,PARTS009
NAACA020,010010,PARTS010
NAACA020,011010,PARTS011
NAACA020,012010,PARTS012
NAACA020,013010,PARTS013
NAACA020,014010,PARTS014
NAACA020,015010,PARTS015
NAACA020,016010,PARTS016
NAACA020,017010,PARTS017
NAACA020,018010,PARTS018
NAACA020,019010,PARTS019
NAACA020,020010,PARTS020
NAACA020,021010,PARTS021
NAACA020,050010,Mon_ECU1
NAACC010,001010,ECU機能検査
NAACC010,002010,ECU外観検査
NAACC010,003010,CAMERA画像確認
NAACC010,004010,CAMERA性能検査
NAACC010,005010,CAMERA外観検査
NABDA010,001010,PARTS001
NABDA010,002010,PARTS002
NABDA010,003010,PARTS003
NABDA010,004010,PARTS004
NABDA010,005010,PARTS005
NABDA010,006010,PARTS006
NABDA010,007010,PARTS007
NABDA010,008010,PARTS008
NABDA010,009010,PARTS009
NABDA010,010010,PARTS010
NABDA010,011010,PARTS011
NABDA010,012010,PARTS012
NABDA010,013010,PARTS013
NABDA010,014010,PARTS014
NABDA010,015010,PARTS015
NABDA010,016010,PARTS016
NABDA010,017010,PARTS017
NABDA010,018010,PARTS018
NABDA010,019010,PARTS019
NABDA010,020010,PARTS020
NABDA010,021010,PARTS021
NACEA010,002010,PARTS002
NACEA010,003010,PARTS003
NACEA010,004010,PARTS004
NACEA010,005010,PARTS005
NACEA010,006010,PARTS006
NACEA010,007010,PARTS007
NACEA010,008010,PARTS008
NACEA010,009010,PARTS009
NACEA010,010010,PARTS010
NACEA010,011010,PARTS011
NACEA010,012010,PARTS012
NACEA010,013010,PARTS013
NACEA010,014010,PARTS014
NACEA010,016010,PARTS016
NACEA020,003010,PARTS003
NACEA020,004010,PARTS004
NACEA020,005010,PARTS005
NACEA020,006010,PARTS006
NACEA020,008010,PARTS008
NACEA020,009010,PARTS009
NACEA020,010010,PARTS010
NACEA020,011010,PARTS011
NACEA020,012010,PARTS012
NACEA020,013010,PARTS013
NACEA020,016010,PARTS016
NBABA010,001010,PARTS001
NBABA010,002010,PARTS002
NBABA010,003010,PARTS003
NBABA010,004010,PARTS004
NBABA010,005010,PARTS005
NBABA010,006010,PARTS006
NBABA010,007010,PARTS007
NBABA010,008010,PARTS008
NBABA010,009010,PARTS009
NBABA010,010010,PARTS010
NBABA010,011010,PARTS011
NBABA010,012010,PARTS012
NBABA010,013010,PARTS013
NBABA010,050010,Mon_ASSY1_LED
NBABA010,051010,Mon_ASSY2_LED
NBABA010,052010,Mon_ASSY3_LED
NBABA010,053010,Mon_gaikan
NBABA010,054010,Mon_gaikan2
NBABA010,055010,Mon_IWAMOTO
NBABA020,001010,PARTS001
NBABA020,002010,PARTS002
NBABA020,003010,PARTS003
NBABA020,004010,PARTS004
NBABA020,005010,PARTS005
NBABA020,006010,PARTS006
NBABA020,007010,PARTS007
NBABA020,008010,PARTS008
NBABA020,009010,PARTS009
NBABA020,010010,PARTS010
NBABA020,011010,PARTS011
NBABA020,050010,Mon_ASSY1_LED
NBABA020,051010,Mon_ASSY2_LED
NBABA020,052010,Mon_ASSY3_LED
NBABA020,053010,Mon_gaikan
NBABA020,054010,Mon_gaikan2
NBABA020,055010,Mon_IWAMOTO
NBABA030,050010,Mon_ECU1
NBABA030,051010,Mon_gaikan
NBABA040,050010,Mon_gaikan
NBABA040,051010,Mon_LED1
NBABA040,052010,Mon_LED2
NBACA010,001010,PARTS001
NBACA010,002010,PARTS002
NBACA010,003010,PARTS003
NBAS01,001010,PARTS001
NBAS01,002010,PARTS002
NBAS01,003010,PARTS003
NBAS01,004010,PARTS004
NBAS01,005010,PARTS005
NBAS01,006010,PARTS006
NBAS01,007010,PARTS007
NBAS01,008010,PARTS008
NBAS01,009010,PARTS009
NBAS01,010010,PARTS010
NBAS01,011010,PARTS011
NBAS01,012010,PARTS012
NBAS01,013010,PARTS013
NBAS01,014010,PARTS014
NBAS01,015010,PARTS015
NBAS01,016010,PARTS016
NBAS01,017010,PARTS017
NBAS01,018010,PARTS018
NBCH01,001010,エージング
NBCH01,002010,高温検査
NBCH01,003010,常温検査
NBCH01,004010,出荷検査
NBPC01,001010,PCB-MAIN
NBPC01,002010,PCB-GNSSQF
NCAAA010,001010,PARTS001
NCAAA010,002010,PARTS002
NCAAA010,003010,PARTS003
NCAAA010,004010,PARTS004
NCAAA010,005010,PARTS005
NCAAA010,006010,PARTS006
NCAAA010,007010,PARTS007
NCAAA010,008010,PARTS008
NCAAA010,009010,PARTS009
NCAAA010,010010,PARTS010
NCAAA010,011010,PARTS011
NCAAA010,012010,PARTS012
NCAAA020,001010,PARTS001
NCAAA020,002010,PARTS002
NCAAA020,003010,PARTS003
NCAAA020,004010,PARTS004
NCAAA020,005010,PARTS005
NCAAA020,006010,PARTS006
NCAAA020,007010,PARTS007
NCAAA020,008010,PARTS008
NCAAA020,009010,PARTS009
NCAAA020,010010,PARTS010
NCAAA020,011010,PARTS011
NCAAA020,012010,PARTS012
NCAAA020,050010,Mon_gaikan_LED_1
NCAAA020,051010,Mon_gazou
NCAAA020,052010,Mon_LED1
NCAAA020,053010,Mon_LED2
NCAAA020,054010,Mon_LED_CUT
NDAAA010,001010,PARTS001
NDAAA010,002010,PARTS002
NDAAA010,003010,PARTS003
NDAAA010,004010,PARTS004
NDAAA010,005010,PARTS005
NDAAA010,006010,PARTS006
NDAAA010,007010,PARTS007
NDAAA010,008010,PARTS008
NDAAA010,009010,PARTS009
NDAAA010,010010,PARTS010
NDAAA010,011010,PARTS011
NDAAA010,012010,PARTS012
NDAAA010,013010,PARTS013
NDAAA010,014010,PARTS014
NDAAA010,015010,PARTS015
NDAAA010,016010,PARTS016
NDAAA010,017010,PARTS017
NDAAA010,018010,PARTS018
NDAAA020,001010,PARTS001
NDAAA020,002010,PARTS002
NDAAA020,003010,PARTS003
NDAAA020,004010,PARTS004
NDAAA020,005010,PARTS005
NDAAA020,006010,PARTS006
NDAAA020,007010,PARTS007
NDAAA020,008010,PARTS008
NDAAA020,009010,PARTS009
NDAAA020,010010,PARTS010
NDAAA020,011010,PARTS011
NDAAA020,012010,PARTS012
NDAAA020,013010,PARTS013
NDAAA020,014010,PARTS014
NDAAA020,015010,PARTS015
NDAAA020,016010,PARTS016
NDAAA020,017010,PARTS017
NDAAA020,018010,PARTS018
NEAAA010,001010,PARTS001
NEAAA010,002010,PARTS002
NEAAA010,003010,PARTS003
NEAAA010,004010,PARTS004
NEAAA010,005010,PARTS005
NEAAA010,006010,PARTS006
NEAAA010,007010,PARTS007
NEAAA010,008010,PARTS008
NEAAA010,009010,PARTS009
NEAAA010,010010,PARTS010
NEAAA010,011010,PARTS011
NEAAA010,012010,PARTS012
NEAAA010,013010,PARTS013
NEAAA010,014010,PARTS014
NEAAA010,015010,PARTS015
NEAAA010,016010,PARTS016
NEAAA010,050010,Mon_ECU_1
NEAAA010,051010,Mon_gaikan_ECU_1
NEAAA010,052010,Mon_gaikan_LED_1
NEAAA010,053010,Mon_LED_1
NEAAA010,054010,Mon_LED_2
NEABA010,001010,PARTS001
NEABA010,002010,PARTS002
NEABA010,003010,PARTS003
NEABA010,004010,PARTS004
NEABA010,005010,PARTS005
NEABA010,006010,PARTS006
NEABA010,007010,PARTS007
NEABA010,008010,PARTS008
NEABA010,009010,PARTS009
NEABA010,010010,PARTS010
NEABA010,011010,PARTS011
NEABA010,012010,PARTS012
NEABA010,013010,PARTS013
NEABA010,014010,PARTS014
NEABA010,015010,PARTS015
NEABA010,016010,PARTS016
NEABA010,017010,PARTS017
NEABA010,018010,PARTS018
NEABA010,050010,Mon_gazou
NEABA010,051010,Mon_LED_1
NEABA010,052010,Mon_LED_2
NFBAA010,001010,PARTS001
NFBAA010,002010,PARTS002
NFBAA010,003010,PARTS003
NFBAA010,004010,PARTS004
NFBAA010,005010,PARTS005
NFBAA010,006010,PARTS006
NFBAA010,007010,PARTS007
NFBAA010,008010,PARTS008
NHCBA531,001010,PARTS001
NHCBA531,002010,PARTS002
NHCBA531,003010,PARTS003
NHCBA531,004010,PARTS004
NHCBA531,005010,PARTS005
NHCBA531,006010,PARTS006
NHCBA531,007010,PARTS007
NHCBA531,008010,PARTS008
NHCBC531,001010,フリッカ調整1号機_Flicker_01_tpc23619
NHCBC531,002010,フリッカ調整2号機_Flicker_02_tpc24838
NHCBC531,003010,フリッカ調整2号機_Flicker_02_Truck_tpc25380
NHCBC531,004010,フリッカ調整3号機_Flicker_03_tpc25057
NHCBC531,010010,光学検査1号機A_OPTICALINSP_01_tpc23621
NHCBC531,011010,光学検査1号機B_OPTICALINSP_02_tpc23620
NHCBC531,012010,光学検査2号機AM_OPTICALINSP_03\PT_MST1_tpc24140
NHCBC531,013010,光学検査2号機AS_OPTICALINSP_03\PT_MST2_tpc24140
NHCBC531,014010,光学検査2号機BM_OPTICALINSP_04\PT_MST1_tpc24139
NHCBC531,015010,光学検査2号機BS_OPTICALINSP_04\PT_MST2_tpc24139
NHCBC531,016010,光学検査3号機A_OPTICALINSP_05_tpc24839
NHCBC531,017010,光学検査3号機B_OPTICALINSP_06_tpc24840
NHCBC531,018010,光学検査4号機A_OPTICALINSP_07_tpc24885
NHCBC531,019010,光学検査4号機B_OPTICALINSP_08_tpc24886
NHCBC531,020010,光学検査5号機A_OPTICALINSP_09_tpc24888
NHCBC531,021010,光学検査5号機B_OPTICALINSP_10_tpc24889
NHCBC531,022010,光学検査6号機A_OPTICALINSP_11_tpc25058
NHCBC531,023010,光学検査6号機B_OPTICALINSP_12_tpc25059
NHCBC531,024010,光学検査7号機A_OPTICALINSP_13_tpc25061
NHCBC531,025010,光学検査7号機B_OPTICALINSP_14_tpc25062
NHCBC531,026010,光学検査8号機A_OPTICALINSP_15_tpc25064
NHCBC531,027010,光学検査8号機B_OPTICALINSP_16_tpc25065
NHCBC531,030010,エージング1号機_AGING_01_tpc23627
NHCBC531,031010,エージング2号機_AGING_02_tpc24891
NHCBC531,032010,エージング3号機_AGING_03_tpc24900
NHCBC531,033010,エージング4号機_AGING_04_tpc24912
NHCBC531,034010,エージング5号機_AGING_05_tpc25080
NHCBC531,035010,エージング6号機_AGING_06_172.16.4.87
NHCBC531,036010,エージング7号機_AGING_07_tpc25067
NHCBC531,040010,タッチ検査1号機_TOUCH_01_tpc23623
NHCBC531,041010,タッチ検査2号機_TOUCH_02_tpc25107
NHCBC531,050010,ムラ検査1号機_MURA_01_tpc25098
NHCBC531,051010,ムラ検査2号機_MURA_02_tpc25099
NHCBC531,052010,ムラ検査3号機_MURA_03_tpc25100
NHCBC531,053010,ムラ検査4号機_MURA_04_tpc25293
NHCBC531,060010,出荷検査1号機_OUTGOING_01_tpc23624
NHCBC531,061010,出荷検査2号機_OUTGOING_02_tpc24921
NHCBC531,062010,出荷検査3号機_OUTGOING_03_tpc24922
NHCBC531,063010,出荷検査4号機_OUTGOING_04_tpc20744
NHCBC531,064010,出荷検査5号機_OUTGOING_05_tpc20745
NHCBC531,065010,外観検査1号機_APPEARANCE_01_tpc23626
NHCBC531,066010,外観検査2号機_APPEARANCE_02_tpc24928
NHCBC531,067010,外観検査3号機_APPEARANCE_03_tpcxxxxx
NHCBP531,001010,AACT_01
NHCFA010,001010,PARTS001
NHCFA010,002010,PARTS002
NHCFA010,003010,PARTS003
NHCFA010,004010,PARTS004
NHCFA010,005010,PARTS005
NHCFA010,006010,PARTS006
NHCFA010,007010,PARTS007
NHCFA010,008010,PARTS008
NHCFA010,009010,PARTS009
NHCFA010,010010,PARTS010
NHCFA010,011010,PARTS011
NHCFA010,012010,PARTS012
NHCFA010,013010,PARTS013
NHCFA010,014010,PARTS014
NHCFA010,015010,PARTS015
NHCFA010,016010,PARTS016
NHCFA010,017010,PARTS017
NHCFA010,018010,PARTS018
NHCFA010,019010,PARTS019
NHCFA010,020010,PARTS020
NHCFA010,050010,Mon_Autoscrew-1
NHCFA010,051010,Mon_Fitting-1
NHCFA010,052010,Mon_Image-1
NHCFA010,053010,Mon_Position-1-1
NHCFA010,054010,Mon_Position-1-2
NHCFA010,055010,Mon_Press-1
NHCFA010,056010,Mon_Image-2
NHCFA010,100010,1
NHCFA010,100020,2
NHCFA010,100030,3
NHCFA010,100040,4
NHCFA010,100050,5
NHCFA010,100060,6
NHCFA010,100070,7
NHCFA010,100080,8
NHCFA010,100090,9
NHCFA010,100100,10
NHCFA010,100110,11
NHCFA010,100120,12
NHCFA010,100130,13
NHCFA010,100140,14
NHCFA010,100150,15
NSDCA570,001010,PARTS001
NSDCA570,002010,PARTS002
NSDCA570,003010,PARTS003
NSDCA570,004010,PARTS004
NSDCA570,005010,PARTS005
NSDCA570,006010,PARTS006
NSDCA570,007010,PARTS007
NSDCA570,008010,PARTS008
NSDCA570,009010,PARTS009
NSDCA570,010010,PARTS010
NSDCA570,011010,PARTS011
NSDCA570,012010,PARTS012
NSDCA570,013010,PARTS013
NSDCA570,014010,PARTS014
NSDCA570,015010,PARTS015
NSDCA570,016010,PARTS016
NSDCA570,017010,PARTS017
NSDCA570,018010,PARTS018
NSDCA570,019010,PARTS019
NSDCA570,020010,PARTS020
NSDCA570,021010,PARTS021
NSDCA570,022010,PARTS022
NSDCA570,023010,PARTS023
NSDCA570,024010,PARTS024
NSDCA570,025010,PARTS025
NSDCA570,026010,PARTS026
NSDCA570,027010,PARTS027
NSDCA570,028010,PARTS028
NSDCA570,029010,PARTS029
NSDCA570,030010,PARTS030
NSDCA570,031010,PARTS031
NSDCA570,032010,PARTS032
NSDCA570,033010,PARTS033
NSDCA570,034010,PARTS034
NSDCA570,035010,PARTS035
NSDCA570,036010,PARTS036
NSDCA570,037010,PARTS037
NSDCA570,038010,PARTS038
NSDCA570,039010,PARTS039
NSDCC570,001010,エージング装置#1_1
NSDCC570,001020,エージング装置#1_2
NSDCC570,001030,エージング装置#1_3
NSDCC570,001040,エージング装置#2_1
NSDCC570,001050,エージング装置#2_2
NSDCC570,001060,エージング装置#2_3
NSDCC570,002010,投入機
NSDCC570,003010,性能検査機#1
NSDCC570,003020,性能検査機#2
NSDCC570,003030,性能検査機#3
NSDCC570,004010,自動検査機#1
NSDCC570,004020,自動検査機#2
NSDCC570,004030,自動検査機#3
NSDCC570,004040,自動検査機#4
NSDCC570,004050,自動検査機#5
NSDCC570,005010,RF検査機#3
NSDCC570,005020,RF検査機#4
NSDCC570,005030,RF検査機#5
NSDCC570,006010,官能検査機#5_L
NSDCC570,006020,官能検査機#5_R
NSDCC570,006030,官能検査機#6_L
NSDCC570,006040,官能検査機#6_R
NSDCC570,007010,SWDL検査機#1_1
NSDCC570,007020,SWDL検査機#1_2
NSDCC570,007030,SWDL検査機#1_3
NSDCC570,007040,SWDL検査機#2_1
NSDCC570,007050,SWDL検査機#2_2
NSDCC570,007060,SWDL検査機#2_3
NSDCC570,008010,セキュリティラベル発行・貼付
NSDCC570,009010,外観検査機
NSDCC570,010010,梱包
NSDCP570,001010,AACT_01
NSDCP570,002010,AACT_02
NSDCP570,003010,AACT_03
NSDCP570,004010,AACT_04
STRBL,001010,画像検査機(日産/MMC/SUZUKI)
STRBL,002010,ﾗﾍﾞﾙ印刷機(日産/MMC/SUZUKI)
STRBL,003010,画像検査機(J32V)
STRBL,004010,CAMERA性能検査機(日産/MMC/SUZUKI)
STRBL,005010,CAMERAﾗﾍﾞﾙ検査機
STRBL,006010,ﾗﾍﾞﾙ印刷機(ECU)
STRBL,007010,ECU機能検査機
STRBL,008010,ECUﾗﾍﾞﾙ検査機
STRBL,009010,基板供給機(日産/MMC/SUZUKI)
STRBL,010010,基板搬入機(日産/MMC/SUZUKI)
STRBL,011010,中間検査機(1)(日産/MMC/SUZUKI)
STRBL,012010,中間検査機(2)(日産/MMC/SUZUKI)
STRBL,013010,ｺｰﾃｨﾝｸﾞ機(1)(日産/MMC/SUZUKI)
STRBL,014010,乾燥機(1)(日産/MMC/SUZUKI)
STRBL,015010,乾燥機(3)(日産/MMC/SUZUKI)
STRBL,016010,基板反転機(日産/MMC/SUZUKI)
STRBL,017010,ｺｰﾃｨﾝｸﾞ機(2)(日産/MMC/SUZUKI)
STRBL,018010,乾燥機(2)(日産/MMC/SUZUKI)
STRBL,019010,乾燥機(4)(日産/MMC/SUZUKI)
STRBL,020010,基板収納機(日産/MMC/SUZUKI)
STRBL,021010,ﾙｰﾀ分割機(CAMERA)(日産/MMC/SUZUKI)
STRBL,022010,ﾙｰﾀ分割機(ECU)
STRBL,023010,中間検査機(HONDA)
STRBL,024010,ﾙｰﾀ分割機(HONDA)
STRBL,025010,ﾗﾍﾞﾙ印刷機(HONDA)
STRBL,026010,CAMERA性能検査機(HONDA)
STRBL,027010,ﾙｰﾀ分割機(ASSY-CAMERA)
STRBL,028010,ﾌﾟﾗｽﾞﾏ処理機(ASSY-CAMERA)
STRBL,029010,接触角計(ASSY-CAMERA)
STRBL,030010,接着剤塗布機(ASSY-CAMERA)
STRBL,031010,重量計(ASSY-CAMERA)
STRBL,032010,ﾚﾝｽﾞﾈｼﾞ締め機(ASSY-CAMERA)
STRBL,033010,6軸調整(ASSY-CAMERA)
STRBL,034010,追加接着剤塗布機(ASSY-CAMERA)
STRBL,035010,熱硬化恒温槽(ASSY-CAMERA)
STRBL,036010,ｸﾘｰﾝﾌﾞｰｽ(ASSY-CAMERA)
STRBL,037010,基板供給機(HONDA 2.5a CAMERA 中間)
STRBL,038010,基板搬入機(HONDA 2.5a CAMERA 中間)
STRBL,039010,中間検査機(4)(HONDA 2.5a CAMERA 中間)
STRBL,040010,中間検査機(5)(HONDA 2.5a CAMERA 中間)
STRBL,041010,中間検査機(6)(HONDA 2.5a CAMERA 中間)
STRBL,042010,基板収納機(HONDA 2.5a CAMERA 中間)
STRBL,043010,基板供給機(HONDA 2.5a CAMERA ｱﾝﾀﾞｰﾌｨﾙ)
STRBL,044010,基板搬入機(HONDA 2.5a CAMERA ｱﾝﾀﾞｰﾌｨﾙ)
STRBL,045010,ｱﾝﾀﾞｰﾌｨﾙ(HONDA 2.5a CAMERA)
STRBL,046010,基板収納機(HONDA 2.5a CAMERA ｱﾝﾀﾞｰﾌｨﾙ)
STRBL,047010,恒温槽(HONDA 2.5a CAMERA)
STRBL,048010,ﾙｰﾀ分割機(HONDA 2.5a CAMERA)
STRBL,049010,一軸調整機(HONDA 2.5a CAMERA)
STRBL,050010,性能検査機(HONDA 2.5a CAMERA)
STRBL,051010,解像度検査(HONDA 3M0X_CAMERA)
TEST,001010,
WCGBA020,001010,ベース供給
WCGBA020,002010,ST02空きステージ
WCGBA020,003010,ST03放熱材塗布
WCGBA020,004010,ST04放熱材画像検査
WCGBA020,005010,ST05基板供給
WCGBA020,006010,ST06基板ネジ締め
WCGBA020,007010,ST07空きステージ
WCGBA020,008010,ST08基板ネジ浮き検査
WCGBA020,009010,ST09空きステージ
WCGBA020,010010,ST10基板QRコード読取
WCGBA020,011010,ST11空きステージ
WCGBA020,012010,ST12シール材塗布
WCGBA020,013010,ST13カバー供給
WCGBA020,014010,ST14カバーネジ締め
WCGBA020,015010,ST15カバーカシメ
WCGBA020,016010,ST16カバーネジ浮き検査
WCGBA020,017010,ST17ラベル貼付
WCGBA020,018010,パレット昇降
WCGBA020,019010,ST18ラベルコード読取
WCGBA020,020010,ST19パレット情報読取
WCGBA020,021010,ST20出荷検査#1
WCGBA020,022010,ST21出荷検査#2
WCGBA020,023010,ST22出荷検査#3
WCGBA020,024010,ST23出荷検査#4
WCGBA020,025010,ST24空きステージ
WCGBA020,026010,パレット昇降
WCGBA020,027010,ST25完成品排出
WCGBA020,028010,ST26パレット段替
WCGBA040,001010,ベース供給
WCGBA040,002010,ST02放熱材塗布
WCGBA040,003010,ST03放熱材検査
WCGBA040,004010,ST04基板供給
WCGBA040,005010,ST05基板ネジ締め
WCGBA040,006010,ST06ネジ高さ検査/基板導通検査
WCGBA040,007010,ST07基板QRコード読取
WCGBA040,008010,ST08シール材塗布
WCGBA040,009010,ST09カバー供給
WCGBA040,010010,ST10カバー縦カシメ
WCGBA040,011010,ST11カバー横カシメ
WCGBA040,012010,ST12ラベル印刷/貼付
WCGBA040,013010,ST13下流側パレットリフター
WCGBA040,014010,ST14ラベル二次元コード読取
WCGBA040,015010,ST15パレット情報読取
WCGBA040,016010,ST16点灯検査#1_1
WCGBA040,017010,ST17点灯検査#1_2
WCGBA040,018010,ST18点灯検査#2_1
WCGBA040,019010,ST19点灯検査#2_2
WCGBA040,020010,ST20起動パルス検査
WCGBA040,021010,ST21抵抗11Ω検査
WCGBA040,022010,ST22抵抗213Ω検査
WCGBA040,023010,ST23上流側パレットリフター
WCGBA040,024010,ST24ランプ点灯検査
WCGBA040,025010,ST25合格捺印
WCGBA040,026010,ST26ワーク排出
WCGBA040,027010,ST27パレット交換
WCGBC010,001010,出荷検査#1
WCGBC010,001020,出荷検査#2
WCGBC010,001030,出荷検査#3
WCGBC010,001040,出荷検査#4
WCGBC010,001050,出荷検査#5
WCGBC010,001060,出荷検査#6
WCGBC010,001070,出荷検査#7
WCGBC010,002010,リーク検査#1
WCGBC010,002020,リーク検査#2
WCGBC010,002030,リーク検査#3
WCGBC010,002040,リーク検査#4
WCGBC010,003010,コネクタピン曲がり検査/シール塗布#1
WCGBC010,003020,コネクタピン曲がり検査/シール塗布#2
WCGBC010,004010,パッキンロット⇔製品シリアル紐付#2
WCGBC010,005010,カートン⇔製品シリアル紐付#4
WCGBC010,006010,パレット⇔カートン紐付#2
WCGBP120,001010,基板供給
WCGBP120,002010,搬送CV
WCGBP120,003010,マイコン書き込み#1
WCGBP120,003020,マイコン書き込み#2
WCGBP120,004010,中間検査#1
WCGBP120,004020,中間検査#2
WCGBP120,004030,中間検査#3
WCGBP120,005010,基板反転
WCGBP120,006010,基板収納
WCGBP120,007010,基板搬出
WCGBP120,008010,基板分割#1
WCGBP120,008020,基板分割#2
WCGBP120,008030,基板分割#3
WCGBP120,008040,基板分割#4
WCGBP120,009010,プレスフィット画像検査#1
WCGBP120,009020,プレスフィット画像検査#2
WDBBA010,001010,ギャップフィラ塗布機(SDC筐体)
WDBBA010,002010,SDC組立工程1
WDBBA010,003010,SDC組立工程1-2
WDBBA010,004010,OBC/SDCポッティング塗布機
WDBBA010,005010,OBC組立工程1
WDBBA010,006010,OBC組立工程2
WDBBA010,007010,OBC組立工程3
WDBBA010,008010,OBCメイン基板ねじ締め機
WDBBA010,009010,OBC組立工程4
WDBBA010,010010,SDC組立工程2
WDBBA010,011010,SDCメイン基板ねじ締め機
WDBBA010,012010,硬化炉投入ST
WDBBA010,013010,硬化炉(SDC)排出ST
WDBBA010,014010,硬化炉(OBC)排出ST
WDBBA010,015010,セレクティブソルダ
WDBBA010,016010,はんだ画像検査機
WDBBA010,017010,ギャップフィラ塗布機(水路パイプ)
WDBBA010,018010,OBCシール剤塗布機
WDBBA010,019010,OBC-SDC組付け機
WDBBA010,020010,コネクタ組立工程1
WDBBA010,021010,コネクタ組立工程1-2
WDBBA010,022010,カバーシール剤塗布機1号機
WDBBA010,023010,カバーねじ締め機1号機
WDBBA010,024010,コネクタ組立工程2
WDBBA010,025010,コネクタ組立工程2-2
WDBBA010,026010,カバーシール剤塗布機2号機
WDBBA010,027010,カバーねじ締め機2号機
WDBBA010,028010,JBカバーシール材塗布機
WDBBA010,029010,JB組立工程1
WDBBA010,030010,JB組立工程2
WDBBA010,031010,製品ラベル貼付機1号機
WDBBA010,032010,製品ラベル貼付機2号機
WDBBA010,033010,ターミナルJB組立工程
WDBBA010,034010,加湿硬化炉
WDBBC010,001010,絶縁保護導通検査機1号機
WDBBC010,001020,絶縁保護導通検査機2号機
WDBBC010,002010,エージング
WDBBC010,003010,総ASSY検査機#1
WDBBC010,003020,総ASSY検査機#2
WDBBC010,004010,JBカバー締め工程
WDBBC010,005010,リーク検査機1号機
WDBBC010,005020,リーク検査機2号機
WDBBC010,006010,出荷梱包
WDBBP010,001010,足曲げ
WDBBP010,002010,OCR画像検査機
WDBBP010,003010,フラックス塗布
WDBBP010,004010,セレクティブソルダ#1
WDBBP010,005010,セレクティブソルダ#2
WDBBP010,006010,OBCメイン基板ダイオード取付
WDBBP010,007010,フラックス塗布
WDBBP010,008010,フローはんだ付け
WDBBP010,009010,レーザーマーキング
WDBBP010,010010,画像検査機
WDBBP010,011010,基板ライン投入ST
WDBBP010,012010,基板高さ検査ST
WDBBP010,013010,ICT投入ST
WDBBP010,014010,ICT
WDBBP010,015010,マイコン投入ST
WDBBP010,016010,マイコン書込み機
WDBBP010,017010,中間検査機投入ST1号機
WDBBP010,018010,中間検査機2号機
WDBBP010,018020,中間検査機1号機
WDBBP010,019010,ボンド塗布機02
WDBBP010,020010,ボンド塗布機01
WDBBP010,021010,コーティング塗布機
WDBBP010,022010,OBCプレーナートランステープ巻き機
WDBBP010,023010,OBCプレーナートランスL値検査機
WDBBP030,001010,手挿1
WDBBP030,002010,クリンチ
WDBBP030,003010,手挿2
WDBBP030,004010,手挿3
WDBBP030,005010,搬送CV
WDBBP030,006010,フラックス塗布
WDBBP030,007010,フローはんだ付け
WDBBP030,008010,冷却CV
WDBBP030,009010,はんだ仕上げ
WDBBP030,010010,基板外観検査
WDBBP030,011010,ボンド塗布
WDBBP030,012010,ICT
WDBBP030,013010,マイコン書込み
WDBBP030,014010,絶縁検査
WDBBP030,015010,中間検査#1
WDBBP030,015020,中間検査#2
WDBBP030,016010,コーティング塗布
WDBBP030,017010,基板最終目視
YASM03,001010,実装3号ライン
YASM04,001010,実装4号ライン
YASM06,001010,実装6号ライン
YASM07,001010,実装7号ライン
YASM08,001010,実装8号ライン
YASM09,001010,実装9号ライン
YASM11,001010,実装11号ライン
YASM12,001010,実装12号ライン
YAXC01,001010,X線検査1号
YAXC02,001010,X線検査2号
ZKONPO,001010,梱包
ZKURAIRE,001010,倉入れ
ZSYUKKA,001010,出荷
